Heads,Chest,Gloves,Legs
Volcanic Helm,Volcanic Aegis,Volcanic Grips,Volcanic Treads
Fiery Helm,Fiery Breastplate,Fiery Gauntlets,Fiery Greaves
Hellplate Casque,Hellplate Cuirass,Hellplate Bracers,Hellplate Greaves
Boreal Epiphany,Boreal Resolve,Boreal Might,Boreal March
Brow of Ice,Core of Ice,Arms of Ice,Feet of Ice
Skraevwing Helmet,Skraevwing Jacket,Skraevwing Gloves,Skraevwing Boots
Draskscale Helmet,Draskscale Plate,Draskscale Gauntlets,Draskscale Greaves
Shocking Gaze,Shocking Heart,Shocking Grasp,Shocking Stride
Lightning Helm,Lightning Plate,Lightning Gloves,Lightning Boots
Eye of the Swarm,Shell of the Swarm,Clutches of the Swarm,Dance of the Swarm
Visage of Thorns,Mantle of Thorns,Grasp of Thorns,Stride of Thorns
Sight of Stone,Heart of Stone,Might of Stone,Pillars of Stone
Gnasher Cap,Gnasher Cloak,Gnasher Grips,Gnasher Treads
Quillspike Mask,Quillspike Jacket,Quillspike Grips,Quillspike Boots
Shrikedown Helm,Shrikedown Plate,Shrikedown Gloves,Shrikedown Greaves
Dark Watch,Dark Marrow,Dark Embrace,Dark Path
Visage of the Rift,Mantle of the Rift,Embrace of the Rift,Striders of the Rift
Light's Crown,Light's Virtue,Light's Refuge,Light's Walk
Crest of Valour,Aegis of Valour,Gauntlets of Valor,Greaves of Valor
